序号,链接,节点数
0,https://g1Gk0g.absslk.xyz/f925095e1fb57d252454f2ea831a1e8d,0
1,https://geqyiH.mcsslk.xyz/c290df6db9efe0b16af5264ad849d77a,0
2,https://gitlab.com/colloq168/nodefiltrate/-/raw/main/filtrate?ref_type=heads,0
3,https://raw.githubusercontent.com/Huibq/TrojanLinks/master/links/vmess,0
4,https://raw.githubusercontent.com/aiboboxx/v2rayfree/main/v2,646
5,https://raw.githubusercontent.com/freefq/free/master/v2,15
6,https://raw.githubusercontent.com/ripaojiedian/freenode/main/clash,18
7,https://raw.githubusercontent.com/ripaojiedian/freenode/main/sub,18
8,https://raw.githubusercontent.com/zhangkaiitugithub/passcro/main/speednodes.yaml,43
9,dynamic://peasoft,0

总计,,601
